OID_,MODE,NAMEID,NAME,OPERATOR,ONEWAY,RT_DIST,PK_PRD,OK_PRD,PK_HEADWAY,OK_HEADWAY,PK_RT_TIME,OK_RT_TIME,PK_SPEED,OK_SPEED,PK_D_BOARD,PK_W_BOARD,PK_BOARD,PK_ALIGHT,OK_D_BOARD,OK_W_BOARD,OK_BOARD,OK_ALIGHT,DY_D_BOARD,DY_W_BOARD,DY_BOARD,DY_ALIGHT,PK_VEH,OK_VEH,DY_VEH,PK_REVMI,OK_REVMI,DY_REVMI,PK_REVHR,OK_REVHR,DY_REVHR
,4,1.0000000,D460,0.000000000000000,1,24.3999996,6,10,60,0,93.3700027,81.9899979,15.6999998,17.8999996,29.8799992,124.5100021,154.3899994,154.3899994,0.0000000,0.0000000,0.0000000,0.0000000,29.8799992,124.5100021,154.3899994,154.3899994,2.0000000,0.0000000,2.0000000,146.3999939,0.0000000,146.3999939,12.0000000,0.0000000,12.0000000
,4,2.0000000,D461,0.000000000000000,1,38.7400017,6,10,30,0,140.1600037,128.5399933,16.6000004,18.1000004,15.3100004,333.9599915,349.2699890,349.2699890,0.0000000,0.0000000,0.0000000,0.0000000,15.3100004,333.9599915,349.2699890,349.2699890,5.0000000,0.0000000,5.0000000,464.8800049,0.0000000,464.8800049,30.0000000,0.0000000,30.0000000
,4,3.0000000,D462,0.000000000000000,1,23.4400005,6,10,40,0,86.5299988,75.0000000,16.2999992,18.7999992,0.3700000,114.0699997,114.4400024,114.4400024,0.0000000,0.0000000,0.0000000,0.0000000,0.3700000,114.0699997,114.4400024,114.4400024,3.0000000,0.0000000,3.0000000,210.9600067,0.0000000,210.9600067,18.0000000,0.0000000,18.0000000
,4,4.0000000,FD605,0.000000000000000,0,15.9600000,6,10,30,30,56.1699982,55.8800011,17.0000000,17.1000004,15.2500000,199.7299957,214.9799957,214.9799957,2.5300000,128.6100006,131.1399994,131.1399994,17.7800007,328.3399963,346.1199951,346.1199951,2.0000000,2.0000000,2.0000000,191.5200043,319.2000122,510.7200012,12.0000000,20.0000000,32.0000000
,4,5.0000000,M805_Santaquin,0.000000000000000,1,61.6699982,6,10,45,60,92.8899994,88.7200012,39.7999992,41.7000008,71.0999985,238.9100037,310.0100098,310.0100098,6.0000000,90.2799988,96.2799988,96.2799988,77.0999985,329.1900024,406.2900085,406.2900085,3.0000000,2.0000000,3.0000000,493.3599854,616.7000122,1110.0999756,18.0000000,20.0000000,38.0000000
,4,6.0000000,M806_EglMtn,0.000000000000000,1,28.3199997,6,10,45,0,60.3499985,53.6899986,28.2000008,31.6000004,29.7700005,164.5599976,194.3300018,194.3300018,0.0000000,0.0000000,0.0000000,0.0000000,29.7700005,164.5599976,194.3300018,194.3300018,2.0000000,0.0000000,2.0000000,226.5599976,0.0000000,226.5599976,12.0000000,0.0000000,12.0000000
,4,7.0000000,M807_NoCnty,0.000000000000000,1,21.6100006,6,10,30,0,67.3199997,65.9499969,19.2999992,19.7000008,75.0299988,241.2100067,316.2399902,316.2399902,0.0000000,0.0000000,0.0000000,0.0000000,75.0299988,241.2100067,316.2399902,316.2399902,3.0000000,0.0000000,3.0000000,259.3200073,0.0000000,259.3200073,18.0000000,0.0000000,18.0000000
,4,8.0000000,M809_AM-PG,0.000000000000000,1,6.2300000,6,10,30,0,21.9200001,21.5900002,17.1000004,17.2999992,2.0000000,23.8799992,25.8799992,25.8799992,0.0000000,0.0000000,0.0000000,0.0000000,2.0000000,23.8799992,25.8799992,25.8799992,1.0000000,0.0000000,1.0000000,74.7600021,0.0000000,74.7600021,6.0000000,0.0000000,6.0000000
,4,9.0000000,M821_Psn,0.000000000000000,0,43.1199989,6,10,30,60,120.5899963,118.4000015,21.5000000,21.8999996,17.8099995,349.9599915,367.7699890,367.7699890,11.6999998,388.6000061,400.2999878,400.2999878,29.5100002,738.5599976,768.0700073,768.0700073,5.0000000,2.0000000,5.0000000,517.4400024,431.2000122,948.6400146,30.0000000,20.0000000,50.0000000
,4,10.0000000,M822_Psn,0.000000000000000,0,54.1800003,6,10,60,0,159.0800018,156.4100037,20.3999996,20.7999992,134.7799988,718.6799927,853.4600220,853.4600220,0.0000000,0.0000000,0.0000000,0.0000000,134.7799988,718.6799927,853.4600220,853.4600220,3.0000000,0.0000000,3.0000000,325.0799866,0.0000000,325.0799866,18.0000000,0.0000000,18.0000000
,4,11.0000000,M831_WPr,0.000000000000000,0,23.6599998,6,10,30,30,85.3600006,85.1600037,16.6000004,16.7000008,7.0100002,777.4899902,784.5000000,784.5000000,3.5599999,514.0700073,517.6300049,517.6300049,10.5699997,1291.5600586,1302.1300049,1302.1300049,3.0000000,3.0000000,3.0000000,283.9200134,473.2000122,757.1199951,18.0000000,30.0000000,48.0000000
,4,12.0000000,M833_CntPr,0.000000000000000,1,9.7299995,6,10,30,60,31.3500004,31.2199993,18.6000004,18.7000008,1.1500000,149.5399933,150.6900024,150.6900024,0.4800000,98.8899994,99.3700027,99.3700027,1.6300000,248.4299927,250.0599976,250.0599976,2.0000000,1.0000000,2.0000000,116.7600021,97.3000031,214.0599976,12.0000000,10.0000000,22.0000000
,4,13.0000000,M834_EstPr,0.000000000000000,0,17.3199997,6,10,60,60,54.2900009,53.9300003,19.1000004,19.2999992,15.9799995,312.8599854,328.8399963,328.8399963,5.7399998,286.5199890,292.2600098,292.2600098,21.7199993,599.3800049,621.0999756,621.0999756,1.0000000,1.0000000,1.0000000,103.9199982,173.1999969,277.1199951,6.0000000,10.0000000,16.0000000
,4,14.0000000,M841_UVU,0.000000000000000,0,5.1799998,6,10,30,30,20.3400002,20.2299995,15.3000002,15.3999996,0.6300000,74.9800034,75.6100006,75.6100006,0.1800000,32.5000000,32.6800003,32.6800003,0.8100000,107.4800034,108.2900009,108.2900009,1.0000000,1.0000000,1.0000000,62.1599998,103.5999985,165.7599945,6.0000000,10.0000000,16.0000000
,4,15.0000000,M850_StateStreet,0.000000000000000,1,45.5999985,6,10,15,15,150.1699982,148.9199982,18.2000008,18.3999996,57.0499992,1551.1700439,1608.2199707,1608.2199707,23.0100002,1150.0699463,1173.0799561,1173.0799561,80.0599976,2701.2399902,2781.3000488,2781.3000488,11.0000000,10.0000000,11.0000000,1094.4000244,1824.0000000,2918.3999023,66.0000000,100.0000000,166.0000000
,4,16.0000000,M862_Orem,0.000000000000000,0,28.2800007,6,10,30,30,101.1200027,101.0199966,16.7999992,16.7999992,54.3199997,628.2600098,682.5800171,682.5800171,5.6399999,271.7000122,277.3399963,277.3399963,59.9599991,899.9600220,959.9199829,959.9199829,4.0000000,4.0000000,4.0000000,339.3599854,565.5999756,904.9600220,24.0000000,40.0000000,64.0000000
,4,17.0000000,M864_ThanksgivingPnt,0.000000000000000,1,6.9400001,6,10,30,30,22.8299999,22.6299992,18.2000008,18.3999996,1.3900000,72.6999969,74.0899963,74.0899963,0.3000000,16.0799999,16.3799992,16.3799992,1.6900001,88.7799988,90.4700012,90.4700012,1.0000000,1.0000000,1.0000000,83.2799988,138.8000031,222.0800018,6.0000000,10.0000000,16.0000000
,4,18.0000000,M871_SLtoUtahCnty,0.000000000000000,1,26.2900009,6,10,30,30,64.4100037,60.3499985,24.5000000,26.1000004,3.3399999,96.9599991,100.3000031,100.3000031,1.2600000,46.1399994,47.4000015,47.4000015,4.5999999,143.1000061,147.6999969,147.6999969,3.0000000,3.0000000,3.0000000,315.4800110,525.7999878,841.2800293,18.0000000,30.0000000,48.0000000
,4,19.0000000,O601,0.000000000000000,1,3.7100000,6,10,20,20,13.3699999,13.3900003,16.6000004,16.6000004,0.2500000,35.1199989,35.3699989,35.3699989,0.0000000,18.3199997,18.3199997,18.3199997,0.2500000,53.4399986,53.6899986,53.6899986,1.0000000,1.0000000,1.0000000,66.7799988,111.3000031,178.0800018,6.0000000,10.0000000,16.0000000
,4,20.0000000,O603,0.000000000000000,0,10.3000002,6,10,15,15,36.7099991,35.9500008,16.7999992,17.2000008,116.7399979,788.4500122,905.1900024,905.1900024,2.6400001,313.8599854,316.5000000,316.5000000,119.3799973,1102.3100586,1221.6899414,1221.6899414,3.0000000,3.0000000,3.0000000,247.1999969,412.0000000,659.2000122,18.0000000,30.0000000,48.0000000
,4,21.0000000,O604,0.000000000000000,0,24.3799992,6,10,30,30,75.9599991,74.7200012,19.2999992,19.6000004,8.5100002,229.8200073,238.3300018,238.3300018,3.1900001,121.6800003,124.8700027,124.8700027,11.6999998,351.5000000,363.2000122,363.2000122,3.0000000,3.0000000,3.0000000,292.5599976,487.6000061,780.1599731,18.0000000,30.0000000,48.0000000
,4,22.0000000,O606,0.000000000000000,0,10.2399998,6,10,360,0,33.7700005,33.7299995,18.2000008,18.2000008,2.3599999,57.4599991,59.8199997,59.8199997,0.0000000,0.0000000,0.0000000,0.0000000,2.3599999,57.4599991,59.8199997,59.8199997,1.0000000,0.0000000,1.0000000,10.2399998,0.0000000,10.2399998,6.0000000,0.0000000,6.0000000
,4,23.0000000,O608,0.000000000000000,0,5.6399999,6,10,360,720,17.1900005,17.2700005,19.7000008,19.6000004,0.4400000,20.9899998,21.4300003,21.4300003,0.2200000,26.7600002,26.9799995,26.9799995,0.6600000,47.7500000,48.4099998,48.4099998,1.0000000,1.0000000,1.0000000,5.6399999,4.6999998,10.3400002,6.0000000,10.0000000,16.0000000
,4,24.0000000,O612,0.000000000000000,0,30.8799992,6,10,15,15,91.5500031,91.2300034,20.2000008,20.2999992,19.1499996,282.9100037,302.0599976,302.0599976,8.2799997,309.5199890,317.7999878,317.7999878,27.4300003,592.4299927,619.8599854,619.8599854,7.0000000,7.0000000,7.0000000,741.1199951,1235.1999512,1976.3000488,42.0000000,70.0000000,112.0000000
,4,25.0000000,O613,0.000000000000000,0,17.7399998,6,10,30,60,50.4799995,50.0600014,21.1000004,21.2999992,11.1300001,146.0700073,157.1999969,157.1999969,3.5999999,103.5899963,107.1900024,107.1900024,14.7299995,249.6600037,264.3900146,264.3900146,2.0000000,1.0000000,2.0000000,212.8800049,177.3999939,390.2799988,12.0000000,10.0000000,22.0000000
,4,26.0000000,O616,0.000000000000000,1,29.2299995,6,10,46,360,65.7300034,65.0999985,26.7000008,26.8999996,1.9800000,91.4300003,93.4100037,93.4100037,0.4400000,32.3899994,32.8300018,32.8300018,2.4200001,123.8199997,126.2399979,126.2399979,2.0000000,1.0000000,2.0000000,228.7599945,48.7200012,277.4700012,12.0000000,10.0000000,22.0000000
,4,27.0000000,O625,0.000000000000000,1,21.7199993,6,10,30,30,67.2500000,66.1800003,19.3999996,19.7000008,29.6399994,259.0799866,288.7200012,288.7200012,3.4300001,151.8399963,155.2700043,155.2700043,33.0699997,410.9200134,443.9899902,443.9899902,3.0000000,3.0000000,3.0000000,260.6400146,434.3999939,695.0399780,18.0000000,30.0000000,48.0000000
,4,28.0000000,O626,0.000000000000000,0,19.5400009,6,10,30,60,61.0400009,59.5800018,19.2000008,19.7000008,5.5999999,180.1300049,185.7299957,185.7299957,1.8099999,54.6599998,56.4700012,56.4700012,7.4099998,234.7899933,242.1999969,242.1999969,3.0000000,1.0000000,3.0000000,234.4799957,195.3999939,429.8800049,18.0000000,10.0000000,28.0000000
,4,29.0000000,O627,0.000000000000000,0,23.7800007,6,10,30,60,92.5100021,85.0400009,15.3999996,16.7999992,29.9799995,335.7999878,365.7799988,365.7799988,4.7199998,204.8500061,209.5700073,209.5700073,34.7000008,540.6500244,575.3499756,575.3499756,4.0000000,2.0000000,4.0000000,285.3599854,237.8000031,523.1599731,24.0000000,20.0000000,44.0000000
,4,30.0000000,O628,0.000000000000000,0,12.9600000,6,10,30,30,49.8800011,49.2799988,15.6000004,15.8000002,7.1100001,230.6100006,237.7200012,237.7200012,3.6400001,101.6699982,105.3099976,105.3099976,10.7500000,332.2799988,343.0299988,343.0299988,2.0000000,2.0000000,2.0000000,155.5200043,259.2000122,414.7200012,12.0000000,20.0000000,32.0000000
,4,31.0000000,O630,0.000000000000000,0,48.7000008,6,10,60,60,116.6600037,116.6999969,25.0000000,25.0000000,10.3000002,619.3099976,629.6099854,629.6099854,3.4900000,305.9200134,309.4100037,309.4100037,13.7900000,925.2299805,939.0200195,939.0200195,2.0000000,2.0000000,2.0000000,292.2000122,487.0000000,779.2000122,12.0000000,20.0000000,32.0000000
,4,32.0000000,O640,0.000000000000000,0,39.4399986,6,10,30,30,147.0200043,145.4799957,16.1000004,16.2999992,103.6600037,787.3800049,891.0399780,891.0399780,9.9600000,329.4700012,339.4299927,339.4299927,113.6200027,1116.8499756,1230.4699707,1230.4699707,5.0000000,5.0000000,5.0000000,473.2799988,788.7999878,1262.0999756,30.0000000,50.0000000,80.0000000
,4,33.0000000,O645,0.000000000000000,0,20.3199997,6,10,30,30,64.9300003,64.0899963,18.7999992,19.0000000,38.0699997,367.0599976,405.1300049,405.1300049,3.5899999,193.6699982,197.2599945,197.2599945,41.6599998,560.7299805,602.3900146,602.3900146,3.0000000,3.0000000,3.0000000,243.8399963,406.3999939,650.2399902,18.0000000,30.0000000,48.0000000
,4,34.0000000,O650,0.000000000000000,0,7.5000000,6,10,30,60,27.6200008,27.7299995,16.2999992,16.2000008,54.1500015,128.1399994,182.2899933,182.2899933,5.8499999,53.1100006,58.9599991,58.9599991,60.0000000,181.2500000,241.2500000,241.2500000,1.0000000,1.0000000,1.0000000,90.0000000,75.0000000,165.0000000,6.0000000,10.0000000,16.0000000
,4,35.0000000,O667,0.000000000000000,1,3.0100000,6,10,30,30,10.0699997,10.0200005,17.8999996,18.0000000,1.1799999,12.1999998,13.3800001,13.3800001,0.0900000,7.9899998,8.0799999,8.0799999,1.2700000,20.1900005,21.4599991,21.4599991,1.0000000,1.0000000,1.0000000,36.1199989,60.2000008,96.3199997,6.0000000,10.0000000,16.0000000
,4,36.0000000,OF618,0.000000000000000,0,9.5000000,6,10,30,60,31.0699997,31.0699997,18.2999992,18.2999992,5.3899999,231.6000061,236.9900055,236.9900055,2.3800001,143.3600006,145.7400055,145.7400055,7.7700000,374.9599915,382.7300110,382.7300110,2.0000000,1.0000000,2.0000000,114.0000000,95.0000000,209.0000000,12.0000000,10.0000000,22.0000000
,4,37.0000000,OF620,0.000000000000000,1,16.2999992,6,10,30,60,47.2400017,46.3899994,20.7000008,21.1000004,2.0000000,39.1300011,41.1300011,41.1300011,0.7900000,27.0499992,27.8400002,27.8400002,2.7900000,66.1800003,68.9700012,68.9700012,2.0000000,1.0000000,2.0000000,195.6000061,163.0000000,358.6000061,12.0000000,10.0000000,22.0000000
,4,38.0000000,OF638,0.000000000000000,0,13.3999996,6,10,60,60,37.1699982,37.1699982,21.6000004,21.6000004,0.1600000,27.8299999,27.9899998,27.9899998,0.1000000,35.1199989,35.2200012,35.2200012,0.2600000,62.9500008,63.2099991,63.2099991,1.0000000,1.0000000,1.0000000,80.4000015,134.0000000,214.3999939,6.0000000,10.0000000,16.0000000
,4,39.0000000,S11,0.000000000000000,1,12.1999998,6,10,30,60,49.0699997,49.1699982,14.8999996,14.8999996,229.4199982,691.2299805,920.6500244,920.6500244,30.6599998,317.1900024,347.8500061,347.8399963,260.0799866,1008.4199829,1268.5000000,1268.4899902,2.0000000,1.0000000,2.0000000,146.3999939,122.0000000,268.3999939,12.0000000,10.0000000,22.0000000
,4,40.0000000,S17,0.000000000000000,0,15.4200001,6,10,30,30,63.8300018,63.3300018,14.5000000,14.6000004,6.6799998,584.3300171,591.0100098,591.0100098,1.8900000,313.1199951,315.0100098,315.0100098,8.5699997,897.4500122,906.0200195,906.0200195,3.0000000,3.0000000,3.0000000,185.0399933,308.3999939,493.4400024,18.0000000,30.0000000,48.0000000
,4,41.0000000,S2,0.000000000000000,0,8.4200001,6,10,15,15,36.6300011,36.8499985,13.8000002,13.6999998,1268.4899902,2564.5100098,3833.0000000,3833.0000000,169.5200043,1309.8599854,1479.3800049,1479.3800049,1438.0100098,3874.3701172,5312.3798828,5312.3798828,3.0000000,3.0000000,3.0000000,202.0800018,336.7999878,538.8800049,18.0000000,30.0000000,48.0000000
,4,42.0000000,S200,0.000000000000000,0,22.7199993,6,10,15,15,86.2300034,83.9499969,15.8000002,16.2000008,490.8800049,2263.2399902,2754.1201172,2754.1201172,113.4599991,2256.3701172,2369.8300781,2369.8300781,604.3400269,4519.6098633,5123.9501953,5123.9501953,6.0000000,6.0000000,6.0000000,545.2800293,908.7999878,1454.0999756,36.0000000,60.0000000,96.0000000
,4,43.0000000,S201,0.000000000000000,0,19.8199997,6,10,30,60,73.9899979,70.7900009,16.1000004,16.7999992,24.7000008,355.5799866,380.2799988,380.2799988,2.2400000,216.8000031,219.0399933,219.0399933,26.9400005,572.3800049,599.3200073,599.3200073,3.0000000,2.0000000,3.0000000,237.8399963,198.1999969,436.0400085,18.0000000,20.0000000,38.0000000
,4,44.0000000,S205,0.000000000000000,0,18.5599995,6,10,15,15,72.9100037,72.0400009,15.3000002,15.5000000,541.1400146,2156.4299316,2697.5700684,2697.5600586,122.0699997,1800.0300293,1922.0999756,1922.0999756,663.2100220,3956.4599609,4619.6699219,4619.6601563,5.0000000,5.0000000,5.0000000,445.4400024,742.4000244,1187.8000488,30.0000000,50.0000000,80.0000000
,4,45.0000000,S209,0.000000000000000,0,27.5599995,6,10,15,15,105.4300003,104.0199966,15.6999998,15.8999996,447.9100037,2004.0500488,2451.9599609,2451.9599609,117.3099976,1854.5200195,1971.8299561,1971.8399658,565.2199707,3858.5700684,4423.7900391,4423.7998047,8.0000000,7.0000000,8.0000000,661.4400024,1102.4000244,1763.8000488,48.0000000,70.0000000,118.0000000
,4,46.0000000,S21,0.000000000000000,0,15.6999998,6,10,15,15,60.4900017,57.6399994,15.6000004,16.2999992,65.9499969,977.9299927,1043.8800049,1043.8800049,12.3400002,737.2299805,749.5700073,749.5700073,78.2900009,1715.1600342,1793.4499512,1793.4499512,5.0000000,4.0000000,5.0000000,376.7999878,628.0000000,1004.7999878,30.0000000,40.0000000,70.0000000
,4,47.0000000,S213,0.000000000000000,0,31.7000008,6,10,30,30,121.8099976,118.7099991,15.6000004,16.0000000,63.0600014,1173.9799805,1237.0400391,1237.0400391,11.2399998,709.2199707,720.4600220,720.4600220,74.3000031,1883.1999512,1957.5000000,1957.5000000,5.0000000,4.0000000,5.0000000,380.3999939,634.0000000,1014.4000244,30.0000000,40.0000000,70.0000000
,4,48.0000000,S217,0.000000000000000,1,30.1800003,6,10,15,15,102.3199997,96.4199982,17.7000008,18.7999992,71.2500000,1227.7800293,1299.0300293,1299.0200195,12.3400002,966.5700073,978.9099731,978.9099731,83.5899963,2194.3500977,2277.9399414,2277.9299316,7.0000000,7.0000000,7.0000000,724.3200073,1207.1999512,1931.5000000,42.0000000,70.0000000,112.0000000
,4,49.0000000,S218,0.000000000000000,1,6.9099998,6,10,30,30,24.9599991,24.7500000,16.6000004,16.7999992,2.0899999,121.3399963,123.4300003,123.4300003,1.1300000,60.2000008,61.3300018,61.3300018,3.2200000,181.5399933,184.7599945,184.7599945,1.0000000,1.0000000,1.0000000,82.9199982,138.1999969,221.1199951,6.0000000,10.0000000,16.0000000
,4,50.0000000,S220,0.000000000000000,0,33.0600014,6,10,15,15,123.0899963,117.9800034,16.1000004,16.7999992,578.5900269,1922.5100098,2501.1000977,2501.1000977,126.9599991,1565.4499512,1692.4100342,1692.4100342,705.5499878,3487.9599609,4193.5097656,4193.5097656,9.0000000,8.0000000,9.0000000,793.4400024,1322.4000244,2115.8000488,54.0000000,80.0000000,134.0000000
,4,51.0000000,S223,0.000000000000000,0,26.6200008,6,10,30,60,90.5599976,87.2300034,17.6000004,18.2999992,57.3699989,574.6799927,632.0499878,632.0499878,8.7600002,234.4799957,243.2400055,243.2400055,66.1299973,809.1599731,875.2899780,875.2899780,4.0000000,2.0000000,4.0000000,319.4400024,266.2000122,585.6400146,24.0000000,20.0000000,44.0000000
,4,52.0000000,S227,0.000000000000000,0,13.2200003,6,10,30,60,43.5200005,40.3600006,18.2000008,19.7000008,2.4700000,221.3099976,223.7799988,223.7799988,0.6400000,115.3300018,115.9700012,115.9700012,3.1099999,336.6400146,339.7500000,339.7500000,2.0000000,1.0000000,2.0000000,158.6399994,132.1999969,290.8399963,12.0000000,10.0000000,22.0000000
,4,53.0000000,S232,0.000000000000000,0,15.1800003,6,10,30,60,53.4799995,49.7999992,17.0000000,18.2999992,3.9700000,218.0200043,221.9900055,221.9900055,0.9600000,114.8199997,115.7799988,115.7799988,4.9299998,332.8399963,337.7699890,337.7699890,2.0000000,1.0000000,2.0000000,182.1600037,151.8000031,333.9599915,12.0000000,10.0000000,22.0000000
,4,54.0000000,S240,0.000000000000000,0,24.1399994,6,10,30,30,84.3899994,83.0000000,17.2000008,17.5000000,30.0499992,429.3299866,459.3800049,459.3800049,3.3099999,218.8300018,222.1399994,222.1399994,33.3600006,648.1599731,681.5200195,681.5200195,3.0000000,3.0000000,3.0000000,289.6799927,482.7999878,772.4799805,18.0000000,30.0000000,48.0000000
,4,55.0000000,S248,0.000000000000000,0,29.1200008,6,10,30,60,95.3499985,91.4199982,18.2999992,19.1000004,7.6100001,407.2999878,414.9100037,414.9100037,2.9600000,320.0299988,322.9899902,322.9899902,10.5699997,727.3300171,737.9000244,737.9000244,4.0000000,2.0000000,4.0000000,349.4400024,291.2000122,640.6400146,24.0000000,20.0000000,44.0000000
,4,56.0000000,S3,0.000000000000000,1,11.0699997,6,10,30,30,46.2900009,44.9799995,14.3000002,14.8000002,110.7099991,405.4899902,516.2000122,516.2000122,42.2599983,394.9599915,437.2200012,437.2200012,152.9700012,800.4500122,953.4199829,953.4199829,2.0000000,2.0000000,2.0000000,132.8399963,221.3999939,354.2399902,12.0000000,20.0000000,32.0000000
,4,57.0000000,S307X,0.000000000000000,1,16.3500004,6,10,47,0,58.1500015,54.4399986,16.8999996,18.0000000,19.3999996,302.0400085,321.4400024,321.4400024,0.0000000,0.0000000,0.0000000,0.0000000,19.3999996,302.0400085,321.4400024,321.4400024,2.0000000,0.0000000,2.0000000,125.2300034,0.0000000,125.2300034,12.0000000,0.0000000,12.0000000
,4,58.0000000,S313X,0.000000000000000,1,22.6900005,6,10,30,0,63.2799988,55.0499992,21.5000000,24.7000008,58.2299995,303.6600037,361.8900146,361.8900146,0.0000000,0.0000000,0.0000000,0.0000000,58.2299995,303.6600037,361.8900146,361.8900146,3.0000000,0.0000000,3.0000000,272.2799988,0.0000000,272.2799988,18.0000000,0.0000000,18.0000000
,4,59.0000000,S320X,0.000000000000000,1,15.6700001,6,10,30,0,57.7200012,51.8800011,16.2999992,18.1000004,11.3599997,208.2299957,219.5899963,219.5899963,0.0000000,0.0000000,0.0000000,0.0000000,11.3599997,208.2299957,219.5899963,219.5899963,2.0000000,0.0000000,2.0000000,188.0399933,0.0000000,188.0399933,12.0000000,0.0000000,12.0000000
,4,60.0000000,S33,0.000000000000000,0,22.0599995,6,10,15,15,74.0800018,73.2500000,17.8999996,18.1000004,21.3500004,867.1300049,888.4799805,888.4799805,9.0400000,761.3300171,770.3699951,770.3699951,30.3899994,1628.4599609,1658.8499756,1658.8499756,5.0000000,5.0000000,5.0000000,529.4400024,882.4000244,1411.8000488,30.0000000,50.0000000,80.0000000
,4,61.0000000,S35,0.000000000000000,0,20.7000008,6,10,30,30,67.1800003,64.9100037,18.5000000,19.1000004,4.0400000,215.5099945,219.5500031,219.5500031,1.2800000,179.2100067,180.4900055,180.4900055,5.3200002,394.7200012,400.0400085,400.0400085,3.0000000,3.0000000,3.0000000,248.3999939,414.0000000,662.4000244,18.0000000,30.0000000,48.0000000
,4,62.0000000,S354X,0.000000000000000,1,19.1100006,6,10,30,0,66.0299988,58.8199997,17.3999996,19.5000000,28.9500008,205.5700073,234.5200043,234.5200043,0.0000000,0.0000000,0.0000000,0.0000000,28.9500008,205.5700073,234.5200043,234.5200043,3.0000000,0.0000000,3.0000000,229.3200073,0.0000000,229.3200073,18.0000000,0.0000000,18.0000000
,4,63.0000000,S39,0.000000000000000,0,22.9200001,6,10,15,15,80.2099991,78.7500000,17.1000004,17.5000000,68.4899979,1058.4200439,1126.9100342,1126.9100342,6.8400002,680.5800171,687.4199829,687.4199829,75.3300018,1739.0000000,1814.3299561,1814.3299561,6.0000000,6.0000000,6.0000000,550.0800171,916.7999878,1466.9000244,36.0000000,60.0000000,96.0000000
,4,64.0000000,S4,0.000000000000000,1,23.8500004,6,10,30,30,84.9000015,80.9800034,16.8999996,17.7000008,33.2500000,993.0100098,1026.2600098,1026.2600098,17.6599998,959.2299805,976.8900146,976.8900146,50.9099998,1952.2399902,2003.1500244,2003.1500244,3.0000000,3.0000000,3.0000000,286.2000122,477.0000000,763.2000122,18.0000000,30.0000000,48.0000000
,4,65.0000000,S41,0.000000000000000,0,9.1400003,6,10,15,15,29.7900009,27.5699997,18.3999996,19.8999996,1.2300000,177.0099945,178.2400055,178.2400055,0.8400000,129.5299988,130.3699951,130.3699951,2.0699999,306.5400085,308.6099854,308.6099854,2.0000000,2.0000000,2.0000000,219.3600006,365.6000061,584.9600220,12.0000000,20.0000000,32.0000000
,4,66.0000000,S45,0.000000000000000,0,16.2199993,6,10,15,15,53.5400009,52.8499985,18.2000008,18.3999996,32.8499985,391.2399902,424.0899963,424.0899963,9.1999998,314.2500000,323.4500122,323.4500122,42.0499992,705.4899902,747.5399780,747.5399780,4.0000000,4.0000000,4.0000000,389.2799988,648.7999878,1038.0999756,24.0000000,40.0000000,64.0000000
,4,67.0000000,S454,0.000000000000000,1,24.4799995,6,10,30,0,47.6699982,47.1199989,30.7999992,31.2000008,100.9499969,178.9400024,279.8900146,279.8900146,0.0000000,0.0000000,0.0000000,0.0000000,100.9499969,178.9400024,279.8900146,279.8900146,2.0000000,0.0000000,2.0000000,293.7600098,0.0000000,293.7600098,12.0000000,0.0000000,12.0000000
,4,68.0000000,S455,0.000000000000000,1,88.9199982,6,10,35,55,304.3599854,269.8900146,17.5000000,19.7999992,150.3500061,1881.8000488,2032.1500244,2032.1500244,22.4799995,1247.0300293,1269.5100098,1269.5100098,172.8300018,3128.8300781,3301.6599121,3301.6599121,9.0000000,5.0000000,9.0000000,914.6099854,970.0399780,1884.5999756,54.0000000,50.0000000,104.0000000
,4,69.0000000,S463,0.000000000000000,1,13.7399998,6,10,30,0,58.7400017,49.0299988,14.0000000,16.7999992,3.4200001,179.0800018,182.5000000,182.5000000,0.0000000,0.0000000,0.0000000,0.0000000,3.4200001,179.0800018,182.5000000,182.5000000,2.0000000,0.0000000,2.0000000,164.8800049,0.0000000,164.8800049,12.0000000,0.0000000,12.0000000
,4,70.0000000,S47,0.000000000000000,0,18.7600002,6,10,15,15,65.1699982,62.7299995,17.2999992,17.8999996,108.0599976,1104.7199707,1212.7800293,1212.7800293,13.1800003,529.7399902,542.9199829,542.9299927,121.2399979,1634.4599609,1755.6999512,1755.7099609,5.0000000,5.0000000,5.0000000,450.2399902,750.4000244,1200.5999756,30.0000000,50.0000000,80.0000000
,4,71.0000000,S470,0.000000000000000,1,82.6600037,6,10,20,30,294.7099915,266.4500122,16.7999992,18.6000004,35.8199997,1377.8399658,1413.6600342,1413.6700439,22.4699993,1189.0799561,1211.5500488,1211.5500488,58.2900009,2566.9199219,2625.2099609,2625.2199707,15.0000000,9.0000000,15.0000000,1487.9000244,1653.1999512,3141.1000977,90.0000000,90.0000000,180.0000000
,4,72.0000000,S471,0.000000000000000,1,13.2600002,6,10,40,0,55.3600006,42.2400017,14.3999996,18.7999992,1.0300000,208.1399994,209.1699982,209.1699982,0.0000000,0.0000000,0.0000000,0.0000000,1.0300000,208.1399994,209.1699982,209.1699982,2.0000000,0.0000000,2.0000000,119.3399963,0.0000000,119.3399963,12.0000000,0.0000000,12.0000000
,4,73.0000000,S509,0.000000000000000,0,25.1800003,6,10,30,30,98.4599991,93.3799973,15.3000002,16.2000008,57.5499992,459.6700134,517.2199707,517.2199707,13.5799999,479.6099854,493.1900024,493.1900024,71.1299973,939.2800293,1010.4099731,1010.4099731,4.0000000,4.0000000,4.0000000,302.1600037,503.6000061,805.7600098,24.0000000,40.0000000,64.0000000
,4,74.0000000,S513,0.000000000000000,0,32.0200005,6,10,30,0,125.6200027,119.9100037,15.3000002,16.0000000,37.8899994,505.8200073,543.7100220,543.7100220,0.0000000,0.0000000,0.0000000,0.0000000,37.8899994,505.8200073,543.7100220,543.7100220,5.0000000,0.0000000,5.0000000,384.2399902,0.0000000,384.2399902,30.0000000,0.0000000,30.0000000
,4,75.0000000,S519/520,0.000000000000000,1,4.8800001,6,10,30,30,18.2999992,18.4500008,16.0000000,15.8999996,10.6400003,50.0400009,60.6800003,60.6800003,2.6500001,53.8600006,56.5099983,56.5099983,13.2900000,103.9000015,117.1900024,117.1900024,1.0000000,1.0000000,1.0000000,58.5600014,97.5999985,156.1600037,6.0000000,10.0000000,16.0000000
,4,76.0000000,S525,0.000000000000000,1,5.0000000,6,10,30,30,18.3700008,18.2000008,16.2999992,16.5000000,0.8800000,29.4099998,30.2900009,30.2900009,0.4200000,32.0600014,32.4799995,32.4799995,1.3000000,61.4700012,62.7700005,62.7700005,1.0000000,1.0000000,1.0000000,60.0000000,100.0000000,160.0000000,6.0000000,10.0000000,16.0000000
,4,77.0000000,S526,0.000000000000000,0,11.7200003,6,10,60,0,33.5400009,33.6300011,21.0000000,20.8999996,1.8700000,98.7699966,100.6399994,100.6399994,0.0000000,0.0000000,0.0000000,0.0000000,1.8700000,98.7699966,100.6399994,100.6399994,1.0000000,0.0000000,1.0000000,70.3199997,0.0000000,70.3199997,6.0000000,0.0000000,6.0000000
,4,78.0000000,S54,0.000000000000000,0,17.7399998,6,10,15,15,58.8400002,55.7999992,18.1000004,19.1000004,26.2600002,751.7000122,777.9600220,777.9600220,8.6199999,448.4200134,457.0400085,457.0400085,34.8800011,1200.1199951,1235.0000000,1235.0000000,4.0000000,4.0000000,4.0000000,425.7600098,709.5999756,1135.4000244,24.0000000,40.0000000,64.0000000
,4,79.0000000,S551,0.000000000000000,1,11.6099997,6,10,40,0,29.1800003,28.2399998,23.8999996,24.7000008,1.3800000,51.4000015,52.7799988,52.7799988,0.0000000,0.0000000,0.0000000,0.0000000,1.3800000,51.4000015,52.7799988,52.7799988,1.0000000,0.0000000,1.0000000,104.4899979,0.0000000,104.4899979,6.0000000,0.0000000,6.0000000
,4,80.0000000,S6,0.000000000000000,1,13.5200005,6,10,30,30,54.5400009,54.8100014,14.8999996,14.8000002,219.0899963,773.0399780,992.1300049,992.1300049,49.3699989,588.7899780,638.1599731,638.1599731,268.4599915,1361.8299561,1630.2900391,1630.2900391,2.0000000,2.0000000,2.0000000,162.2400055,270.3999939,432.6400146,12.0000000,20.0000000,32.0000000
,4,81.0000000,S62,0.000000000000000,0,20.2600002,6,10,30,60,66.7600021,63.5600014,18.2000008,19.1000004,4.4600000,348.7099915,353.1700134,353.1700134,1.7400000,209.8099976,211.5500031,211.5500031,6.1999998,558.5200195,564.7199707,564.7199707,3.0000000,2.0000000,3.0000000,243.1199951,202.6000061,445.7200012,18.0000000,20.0000000,38.0000000
,4,82.0000000,S72,0.000000000000000,0,10.3999996,6,10,30,60,39.7799988,39.3600006,15.6999998,15.8999996,4.9800000,304.1400146,309.1199951,309.1199951,1.2400000,221.0200043,222.2599945,222.2599945,6.2199998,525.1599731,531.3800049,531.3800049,2.0000000,1.0000000,2.0000000,124.8000031,104.0000000,228.8000031,12.0000000,10.0000000,22.0000000
,4,83.0000000,S9,0.000000000000000,0,19.6200008,6,10,15,15,75.8099976,75.6200027,15.5000000,15.6000004,24.6900005,835.5900269,860.2800293,860.2800293,4.5700002,631.9099731,636.4799805,636.4799805,29.2600002,1467.5000000,1496.7600098,1496.7600098,6.0000000,6.0000000,6.0000000,470.8800049,784.7999878,1255.6999512,36.0000000,60.0000000,96.0000000
,4,84.0000000,SF453,0.000000000000000,1,34.7299995,6,10,60,60,45.3600006,43.6500015,45.9000015,47.7000008,0.8100000,29.6100006,30.4200001,30.4200001,0.2800000,48.0600014,48.3400002,48.3400002,1.0900000,77.6699982,78.7600021,78.7600021,1.0000000,1.0000000,1.0000000,208.3800049,347.2999878,555.6799927,6.0000000,10.0000000,16.0000000
,4,85.0000000,SF504,0.000000000000000,0,17.2399998,6,10,60,60,52.1500015,51.9900017,19.7999992,19.8999996,0.4100000,90.0999985,90.5100021,90.5100021,0.3500000,56.7999992,57.1500015,57.1500015,0.7600000,146.8999939,147.6600037,147.6600037,1.0000000,1.0000000,1.0000000,103.4400024,172.3999939,275.8399963,6.0000000,10.0000000,16.0000000
,4,86.0000000,SF514,0.000000000000000,0,13.2600002,6,10,30,0,52.6800003,52.6100006,15.1000004,15.1000004,23.5000000,167.4499969,190.9499969,190.9499969,0.0000000,0.0000000,0.0000000,0.0000000,23.5000000,167.4499969,190.9499969,190.9499969,2.0000000,0.0000000,2.0000000,159.1199951,0.0000000,159.1199951,12.0000000,0.0000000,12.0000000
,4,87.0000000,SF518,0.000000000000000,0,21.4799995,6,10,60,60,64.6299973,64.3300018,19.8999996,20.0000000,0.9100000,85.7099991,86.6200027,86.6200027,0.7200000,59.1399994,59.8600006,59.8600006,1.6300000,144.8500061,146.4799957,146.4799957,2.0000000,2.0000000,2.0000000,128.8800049,214.8000031,343.6799927,12.0000000,20.0000000,32.0000000
,4,88.0000000,SF522,0.000000000000000,0,5.9400001,6,10,30,0,21.5000000,20.0799999,16.6000004,17.7000008,1.8300000,63.8199997,65.6500015,65.6500015,0.0000000,0.0000000,0.0000000,0.0000000,1.8300000,63.8199997,65.6500015,65.6500015,1.0000000,0.0000000,1.0000000,71.2799988,0.0000000,71.2799988,6.0000000,0.0000000,6.0000000
,4,89.0000000,SF534,0.000000000000000,1,13.8699999,6,10,60,0,45.8699989,43.7700005,18.1000004,19.0000000,3.5799999,178.5000000,182.0800018,182.0800018,0.0000000,0.0000000,0.0000000,0.0000000,3.5799999,178.5000000,182.0800018,182.0800018,1.0000000,0.0000000,1.0000000,83.2200012,0.0000000,83.2200012,6.0000000,0.0000000,6.0000000
,4,90.0000000,SF546,0.000000000000000,0,21.5599995,6,10,60,60,71.5500031,70.6200027,18.1000004,18.2999992,1.4500000,89.5000000,90.9499969,90.9599991,0.8700000,88.2600021,89.1299973,89.1299973,2.3199999,177.7599945,180.0800018,180.0899963,2.0000000,2.0000000,2.0000000,129.3600006,215.6000061,344.9599915,12.0000000,20.0000000,32.0000000
,4,91.0000000,SF547,0.000000000000000,1,13.4899998,6,10,60,60,42.9300003,42.2400017,18.8999996,19.2000008,0.8100000,67.4800034,68.2900009,68.2900009,0.5400000,46.4599991,47.0000000,47.0000000,1.3500000,113.9400024,115.2900009,115.2900009,1.0000000,1.0000000,1.0000000,80.9400024,134.8999939,215.8399963,6.0000000,10.0000000,16.0000000
,4,92.0000000,SF556,0.000000000000000,0,10.6999998,6,10,30,60,33.9700012,31.4699993,18.8999996,20.3999996,1.6500000,31.7800007,33.4300003,33.4300003,0.5900000,41.0600014,41.6500015,41.6500015,2.2400000,72.8399963,75.0800018,75.0800018,2.0000000,1.0000000,2.0000000,128.3999939,107.0000000,235.3999939,12.0000000,10.0000000,22.0000000
,4,93.0000000,SF570,0.000000000000000,0,16.7600002,6,10,30,30,56.9799995,55.3400002,17.6000004,18.2000008,1.9900000,75.3899994,77.3799973,77.3799973,0.7200000,78.5599976,79.2799988,79.2799988,2.7100000,153.9499969,156.6600037,156.6600037,2.0000000,2.0000000,2.0000000,201.1199951,335.2000122,536.3200073,12.0000000,20.0000000,32.0000000
,4,94.0000000,SF578,0.000000000000000,0,13.8800001,6,10,30,30,49.2200012,47.6800003,16.8999996,17.5000000,1.3200001,59.1500015,60.4700012,60.4700012,0.8700000,66.5199966,67.3899994,67.3899994,2.1900001,125.6699982,127.8600006,127.8600006,2.0000000,2.0000000,2.0000000,166.5599976,277.6000061,444.1600037,12.0000000,20.0000000,32.0000000
,4,95.0000000,SF590,0.000000000000000,0,11.5400000,6,10,45,45,41.1599998,39.8400002,16.7999992,17.3999996,16.9799995,240.4799957,257.4599915,257.4599915,1.6100000,134.0599976,135.6699982,135.6699982,18.5900002,374.5400085,393.1300049,393.1300049,1.0000000,1.0000000,1.0000000,92.3199997,153.8699951,246.1900024,6.0000000,10.0000000,16.0000000
,4,96.0000000,SF94,0.000000000000000,0,7.2199998,6,10,30,30,23.6299992,23.3299999,18.2999992,18.6000004,1.6600000,111.9400024,113.5999985,113.5999985,0.9100000,97.8700027,98.7799988,98.7799988,2.5699999,209.8099976,212.3800049,212.3800049,1.0000000,1.0000000,1.0000000,86.6399994,144.3999939,231.0399933,6.0000000,10.0000000,16.0000000
,5,97.0000000,BRT3500S,0.000000000000000,0,28.6599998,6,10,15,15,82.5800018,80.1600037,20.7999992,21.5000000,23.4799995,938.4199829,961.9000244,961.9000244,9.4600000,625.4199829,634.8800049,634.8800049,32.9399986,1563.8399658,1596.7800293,1596.7800293,6.0000000,6.0000000,6.0000000,687.8400269,1146.4000244,1834.1999512,36.0000000,60.0000000,96.0000000
,6,98.0000000,S2X,0.000000000000000,0,9.6000004,6,10,15,0,42.2400017,41.3499985,13.6000004,13.8999996,15.5600004,65.0400009,80.5999985,80.5999985,0.0000000,0.0000000,0.0000000,0.0000000,15.5600004,65.0400009,80.5999985,80.5999985,3.0000000,0.0000000,3.0000000,230.3999939,0.0000000,230.3999939,18.0000000,0.0000000,18.0000000
,6,99.0000000,S451X,0.000000000000000,1,21.6399994,6,10,30,0,29.4599991,28.5200005,44.0999985,45.5000000,0.0000000,309.5100098,309.5100098,309.5100098,0.0000000,0.0000000,0.0000000,0.0000000,0.0000000,309.5100098,309.5100098,309.5100098,1.0000000,0.0000000,1.0000000,259.6799927,0.0000000,259.6799927,6.0000000,0.0000000,6.0000000
,6,100.0000000,S456,0.000000000000000,1,41.2299995,6,10,360,0,109.5599976,79.6999969,22.6000004,31.0000000,50.7799988,150.6799927,201.4600067,201.4600067,0.0000000,0.0000000,0.0000000,0.0000000,50.7799988,150.6799927,201.4600067,201.4600067,1.0000000,0.0000000,1.0000000,41.2299995,0.0000000,41.2299995,6.0000000,0.0000000,6.0000000
,6,101.0000000,S472X,0.000000000000000,1,34.1100006,6,10,30,0,91.3499985,56.7900009,22.3999996,36.0000000,44.7900009,211.2100067,256.0000000,256.0000000,0.0000000,0.0000000,0.0000000,0.0000000,44.7900009,211.2100067,256.0000000,256.0000000,4.0000000,0.0000000,4.0000000,409.3200073,0.0000000,409.3200073,24.0000000,0.0000000,24.0000000
,6,102.0000000,S473X,0.000000000000000,1,41.8600006,6,10,30,0,137.6499939,97.2399979,18.2000008,25.7999992,387.0299988,580.5000000,967.5300293,967.5300293,0.0000000,0.0000000,0.0000000,0.0000000,387.0299988,580.5000000,967.5300293,967.5300293,5.0000000,0.0000000,5.0000000,502.3200073,0.0000000,502.3200073,30.0000000,0.0000000,30.0000000
,6,103.0000000,S902,0.000000000000000,1,41.6100006,6,10,60,90,95.4899979,92.9899979,26.1000004,26.7999992,185.1799927,909.7199707,1094.9000244,1094.9000244,23.2800007,127.6399994,150.9199982,150.9199982,208.4600067,1037.3599854,1245.8199463,1245.8199463,2.0000000,2.0000000,2.0000000,249.6600037,277.3999939,527.0599976,12.0000000,20.0000000,32.0000000
,7,104.0000000,Blue,0.000000000000000,0,38.4799995,6,10,15,15,103.1200027,103.1200027,22.3999996,22.3999996,1724.2700195,7699.5898438,9423.8603516,9423.8603516,612.6699829,6644.7500000,7257.4199219,7257.4199219,2336.9399414,14344.3398438,16681.2792969,16681.2792969,7.0000000,7.0000000,7.0000000,923.5200195,1539.1999512,2462.6999512,42.0000000,70.0000000,112.0000000
,7,105.0000000,Green,0.000000000000000,0,28.4200001,6,10,15,15,91.8600006,91.8600006,18.6000004,18.6000004,893.7600098,8276.3300781,9170.0898438,9170.0898438,333.6499939,8756.5195313,9090.1699219,9090.1699219,1227.4100342,17032.8496094,18260.2597656,18260.2597656,7.0000000,7.0000000,7.0000000,682.0800171,1136.8000488,1818.9000244,42.0000000,70.0000000,112.0000000
,7,106.0000000,Red,0.000000000000000,0,46.5000000,6,10,15,15,118.3499985,118.3499985,23.6000004,23.6000004,2483.6699219,12938.7900391,15422.4599609,15422.4599609,436.5000000,9174.8798828,9611.3798828,9611.3798828,2920.1699219,22113.6699219,25033.8398438,25033.8398438,8.0000000,8.0000000,8.0000000,1116.0000000,1860.0000000,2976.0000000,48.0000000,80.0000000,128.0000000
,7,107.0000000,Sline,0.000000000000000,0,4.2800002,6,10,15,15,21.7500000,21.7500000,11.8000002,11.8000002,8.8999996,416.0499878,424.9500122,424.9500122,0.7500000,453.3299866,454.0799866,454.0799866,9.6499996,869.3800049,879.0300293,879.0300293,2.0000000,2.0000000,2.0000000,102.7200012,171.1999969,273.9200134,12.0000000,20.0000000,32.0000000
,8,108.0000000,RCRT_OGPN,0.000000000000000,0,162.1999969,6,10,30,60,239.5500031,239.5500031,40.5999985,40.5999985,7692.4902344,10576.0000000,18268.4902344,18268.4902344,1394.1899414,4337.1201172,5731.3100586,5731.3100586,9086.6796875,14913.1201172,23999.8007813,23999.8007813,8.0000000,4.0000000,8.0000000,1946.4000244,1622.0000000,3568.3999023,48.0000000,40.0000000,88.0000000
,9,109.0000000,BRT_ProOrm,0.000000000000000,0,22.9200001,6,10,6,10,81.8799973,81.6900024,16.7999992,16.7999992,283.8500061,9940.2802734,10224.1298828,10224.1298828,33.7799988,3069.5100098,3103.2900391,3103.2900391,317.6300049,13009.7900391,13327.4199219,13327.4199219,14.0000000,9.0000000,14.0000000,1375.1999512,1375.1999512,2750.3999023,84.0000000,90.0000000,174.0000000
